Parent_ID,Name,Email
1,Jane Garcia,jane.garcia@yahoo.com
2,Michael Jones,michael.jones@gmail.com
3,Sarah Miller,sarah.miller@yahoo.com
4,Robert Smith,robert.smith@gmail.com
5,David Jones,david.jones@gmail.com
6,Laura Jones,laura.jones@gmail.com
7,David Miller,david.miller@yahoo.com
8,James Smith,james.smith@yahoo.com
9,Michael Johnson,michael.johnson@gmail.com
10,Olivia Rodriguez,olivia.rodriguez@yahoo.com
11,Jane Martinez,jane.martinez@outlook.com
12,Emily Brown,emily.brown@gmail.com
13,Olivia Rodriguez,olivia.rodriguez@outlook.com
14,Olivia Davis,olivia.davis@yahoo.com
15,David Smith,david.smith@yahoo.com
16,David Smith,david.smith@outlook.com
17,Robert Brown,robert.brown@yahoo.com
18,David Miller,david.miller@yahoo.com
19,Robert Johnson,robert.johnson@yahoo.com
20,Emily Smith,emily.smith@yahoo.com
21,Sarah Brown,sarah.brown@gmail.com
22,James Johnson,james.johnson@outlook.com
23,Robert Miller,robert.miller@gmail.com
24,Olivia Smith,olivia.smith@gmail.com
25,Jane Davis,jane.davis@gmail.com
26,Emily Johnson,emily.johnson@gmail.com
27,Laura Jones,laura.jones@gmail.com
28,Michael Brown,michael.brown@gmail.com
29,Jane Jones,jane.jones@outlook.com
30,Michael Martinez,michael.martinez@gmail.com
31,John Martinez,john.martinez@gmail.com
32,Emily Jones,emily.jones@outlook.com
33,Jane Jones,jane.jones@gmail.com
34,Emily Miller,emily.miller@outlook.com
35,Emily Smith,emily.smith@outlook.com
36,Robert Rodriguez,robert.rodriguez@yahoo.com
37,Sarah Garcia,sarah.garcia@gmail.com
38,Laura Brown,laura.brown@yahoo.com
39,Laura Rodriguez,laura.rodriguez@gmail.com
40,Laura Davis,laura.davis@yahoo.com
41,Laura Smith,laura.smith@gmail.com
42,John Rodriguez,john.rodriguez@outlook.com
43,John Garcia,john.garcia@outlook.com
44,Emily Brown,emily.brown@gmail.com
45,James Miller,james.miller@gmail.com
46,Laura Jones,laura.jones@gmail.com
47,Robert Johnson,robert.johnson@outlook.com
48,Laura Jones,laura.jones@outlook.com
49,Michael Smith,michael.smith@yahoo.com
50,David Davis,david.davis@outlook.com
51,Laura Smith,laura.smith@gmail.com
52,Olivia Johnson,olivia.johnson@outlook.com
53,Emily Davis,emily.davis@gmail.com
54,Jane Davis,jane.davis@yahoo.com
55,John Garcia,john.garcia@yahoo.com
56,Robert Garcia,robert.garcia@yahoo.com
57,John Martinez,john.martinez@yahoo.com
58,Olivia Martinez,olivia.martinez@outlook.com
59,Sarah Williams,sarah.williams@outlook.com
60,Michael Martinez,michael.martinez@yahoo.com
61,Sarah Martinez,sarah.martinez@yahoo.com
62,Olivia Smith,olivia.smith@gmail.com
63,Robert Brown,robert.brown@yahoo.com
64,Robert Jones,robert.jones@gmail.com
65,Sarah Garcia,sarah.garcia@gmail.com
66,David Davis,david.davis@yahoo.com
67,Sarah Brown,sarah.brown@outlook.com
68,Robert Garcia,robert.garcia@outlook.com
69,Sarah Williams,sarah.williams@gmail.com
70,Jane Smith,jane.smith@gmail.com
71,Emily Davis,emily.davis@yahoo.com
72,Jane Williams,jane.williams@yahoo.com
73,Laura Miller,laura.miller@yahoo.com
74,Michael Johnson,michael.johnson@outlook.com
75,Jane Williams,jane.williams@yahoo.com
76,David Brown,david.brown@outlook.com
77,John Johnson,john.johnson@outlook.com
78,Laura Miller,laura.miller@gmail.com
79,Michael Williams,michael.williams@outlook.com
80,Laura Williams,laura.williams@outlook.com
81,John Garcia,john.garcia@yahoo.com
82,Michael Johnson,michael.johnson@outlook.com
83,Laura Martinez,laura.martinez@gmail.com
84,Emily Garcia,emily.garcia@outlook.com
85,James Jones,james.jones@gmail.com
86,Olivia Jones,olivia.jones@gmail.com
87,Michael Johnson,michael.johnson@yahoo.com
88,James Martinez,james.martinez@yahoo.com
89,Laura Garcia,laura.garcia@gmail.com
90,Laura Jones,laura.jones@yahoo.com
91,Laura Davis,laura.davis@gmail.com
92,David Martinez,david.martinez@yahoo.com
93,Olivia Brown,olivia.brown@outlook.com
94,David Williams,david.williams@yahoo.com
95,Sarah Davis,sarah.davis@gmail.com
96,David Johnson,david.johnson@outlook.com
97,John Martinez,john.martinez@yahoo.com
98,Sarah Davis,sarah.davis@yahoo.com
99,Jane Davis,jane.davis@outlook.com
100,James Davis,james.davis@yahoo.com
101,Olivia Rodriguez,olivia.rodriguez@yahoo.com
102,Michael Martinez,michael.martinez@outlook.com
103,Sarah Davis,sarah.davis@outlook.com
104,Olivia Miller,olivia.miller@outlook.com
105,James Jones,james.jones@gmail.com
106,Robert Smith,robert.smith@outlook.com
107,Emily Brown,emily.brown@outlook.com
108,Michael Brown,michael.brown@yahoo.com
109,Jane Martinez,jane.martinez@gmail.com
110,Michael Smith,michael.smith@yahoo.com
111,Olivia Jones,olivia.jones@yahoo.com
112,James Smith,james.smith@yahoo.com
113,Robert Garcia,robert.garcia@yahoo.com
114,Sarah Williams,sarah.williams@outlook.com
115,Michael Davis,michael.davis@yahoo.com
116,Michael Miller,michael.miller@outlook.com
117,Emily Garcia,emily.garcia@gmail.com
118,David Smith,david.smith@outlook.com
119,James Brown,james.brown@yahoo.com
120,Michael Johnson,michael.johnson@gmail.com
121,Sarah Brown,sarah.brown@outlook.com
122,Robert Martinez,robert.martinez@yahoo.com
123,Emily Rodriguez,emily.rodriguez@gmail.com
124,John Smith,john.smith@outlook.com
125,Sarah Rodriguez,sarah.rodriguez@outlook.com
126,Emily Williams,emily.williams@gmail.com
127,Robert Jones,robert.jones@gmail.com
128,Michael Davis,michael.davis@outlook.com
129,Robert Brown,robert.brown@yahoo.com
130,James Miller,james.miller@outlook.com
131,John Jones,john.jones@gmail.com
132,Laura Davis,laura.davis@yahoo.com
133,Michael Williams,michael.williams@outlook.com
134,Sarah Garcia,sarah.garcia@gmail.com
135,David Martinez,david.martinez@yahoo.com
136,Olivia Garcia,olivia.garcia@outlook.com
137,Jane Miller,jane.miller@outlook.com
138,Sarah Smith,sarah.smith@yahoo.com
139,John Miller,john.miller@gmail.com
140,Sarah Martinez,sarah.martinez@outlook.com
141,Jane Jones,jane.jones@outlook.com
142,Olivia Williams,olivia.williams@yahoo.com
143,Emily Smith,emily.smith@yahoo.com
144,John Johnson,john.johnson@yahoo.com
145,Jane Williams,jane.williams@yahoo.com
146,Robert Jones,robert.jones@gmail.com
147,David Johnson,david.johnson@gmail.com
148,Sarah Jones,sarah.jones@gmail.com
149,Michael Miller,michael.miller@yahoo.com
150,Sarah Miller,sarah.miller@yahoo.com
151,Michael Miller,michael.miller@gmail.com
152,Olivia Williams,olivia.williams@gmail.com
153,Michael Martinez,michael.martinez@gmail.com
154,Emily Brown,emily.brown@yahoo.com
155,David Rodriguez,david.rodriguez@gmail.com
156,Jane Miller,jane.miller@yahoo.com
157,Olivia Garcia,olivia.garcia@gmail.com
158,Laura Garcia,laura.garcia@outlook.com
159,Jane Martinez,jane.martinez@yahoo.com
160,Laura Smith,laura.smith@outlook.com
161,Robert Garcia,robert.garcia@gmail.com
162,Michael Davis,michael.davis@gmail.com
163,David Jones,david.jones@yahoo.com
164,Olivia Davis,olivia.davis@gmail.com
165,Jane Rodriguez,jane.rodriguez@yahoo.com
166,Michael Brown,michael.brown@yahoo.com
167,John Jones,john.jones@yahoo.com
168,Sarah Williams,sarah.williams@outlook.com
169,Sarah Jones,sarah.jones@yahoo.com
170,John Johnson,john.johnson@yahoo.com
171,James Miller,james.miller@gmail.com
172,James Williams,james.williams@outlook.com
173,John Johnson,john.johnson@yahoo.com
174,David Miller,david.miller@yahoo.com
175,John Garcia,john.garcia@outlook.com
176,James Smith,james.smith@gmail.com
177,John Martinez,john.martinez@outlook.com
178,Michael Jones,michael.jones@yahoo.com
179,Laura Johnson,laura.johnson@yahoo.com
180,Michael Garcia,michael.garcia@outlook.com
181,Olivia Davis,olivia.davis@yahoo.com
182,James Garcia,james.garcia@gmail.com
183,Olivia Brown,olivia.brown@yahoo.com
184,Sarah Garcia,sarah.garcia@yahoo.com
185,Olivia Johnson,olivia.johnson@yahoo.com
186,John Miller,john.miller@gmail.com
187,Jane Jones,jane.jones@outlook.com
188,Robert Miller,robert.miller@yahoo.com
189,Laura Davis,laura.davis@yahoo.com
190,Emily Garcia,emily.garcia@gmail.com
191,Emily Smith,emily.smith@outlook.com
192,Michael Davis,michael.davis@gmail.com
193,Sarah Jones,sarah.jones@outlook.com
194,Olivia Miller,olivia.miller@yahoo.com
195,Jane Williams,jane.williams@yahoo.com
196,Michael Williams,michael.williams@outlook.com
197,Laura Martinez,laura.martinez@outlook.com
198,Emily Rodriguez,emily.rodriguez@yahoo.com
199,David Garcia,david.garcia@outlook.com
200,James Brown,james.brown@outlook.com
201,Michael Johnson,michael.johnson@outlook.com
202,Sarah Johnson,sarah.johnson@gmail.com
203,Laura Davis,laura.davis@outlook.com
204,John Smith,john.smith@gmail.com
205,Robert Garcia,robert.garcia@yahoo.com
206,Sarah Martinez,sarah.martinez@outlook.com
207,Michael Davis,michael.davis@gmail.com
208,David Jones,david.jones@outlook.com
209,Sarah Martinez,sarah.martinez@gmail.com
210,Emily Smith,emily.smith@gmail.com
211,Michael Miller,michael.miller@gmail.com
212,Sarah Martinez,sarah.martinez@outlook.com
213,Sarah Garcia,sarah.garcia@yahoo.com
214,Emily Johnson,emily.johnson@gmail.com
215,John Brown,john.brown@yahoo.com
216,Laura Davis,laura.davis@yahoo.com
217,Robert Smith,robert.smith@gmail.com
218,Olivia Johnson,olivia.johnson@gmail.com
219,Michael Rodriguez,michael.rodriguez@yahoo.com
220,James Davis,james.davis@outlook.com
221,James Brown,james.brown@yahoo.com
222,Jane Williams,jane.williams@yahoo.com
223,Sarah Johnson,sarah.johnson@yahoo.com
224,Olivia Martinez,olivia.martinez@yahoo.com
225,Sarah Martinez,sarah.martinez@outlook.com
226,Sarah Martinez,sarah.martinez@yahoo.com
227,James Brown,james.brown@yahoo.com
228,Olivia Brown,olivia.brown@yahoo.com
229,John Garcia,john.garcia@outlook.com
230,David Smith,david.smith@gmail.com
231,James Rodriguez,james.rodriguez@gmail.com
232,Olivia Davis,olivia.davis@yahoo.com
233,Sarah Martinez,sarah.martinez@gmail.com
234,James Garcia,james.garcia@gmail.com
235,Sarah Johnson,sarah.johnson@yahoo.com
236,Jane Smith,jane.smith@gmail.com
237,James Smith,james.smith@gmail.com
238,Emily Miller,emily.miller@gmail.com
239,Laura Miller,laura.miller@yahoo.com
240,David Martinez,david.martinez@gmail.com
241,Sarah Smith,sarah.smith@yahoo.com
242,James Miller,james.miller@yahoo.com
243,James Garcia,james.garcia@yahoo.com
244,Olivia Miller,olivia.miller@outlook.com
245,Emily Williams,emily.williams@yahoo.com
246,Michael Rodriguez,michael.rodriguez@yahoo.com
247,Michael Martinez,michael.martinez@outlook.com
248,James Davis,james.davis@gmail.com
249,Robert Davis,robert.davis@gmail.com
250,Jane Smith,jane.smith@gmail.com
251,Michael Johnson,michael.johnson@outlook.com
252,Michael Jones,michael.jones@gmail.com
253,Olivia Davis,olivia.davis@yahoo.com
254,Laura Smith,laura.smith@gmail.com
255,Laura Smith,laura.smith@yahoo.com
256,David Rodriguez,david.rodriguez@yahoo.com
257,Jane Williams,jane.williams@yahoo.com
258,Sarah Miller,sarah.miller@gmail.com
259,John Davis,john.davis@gmail.com
260,Jane Martinez,jane.martinez@gmail.com
261,Emily Brown,emily.brown@yahoo.com
262,Sarah Davis,sarah.davis@outlook.com
263,James Martinez,james.martinez@gmail.com
264,Laura Garcia,laura.garcia@outlook.com
265,Emily Rodriguez,emily.rodriguez@gmail.com
266,John Smith,john.smith@gmail.com
267,James Williams,james.williams@yahoo.com
268,Jane Rodriguez,jane.rodriguez@yahoo.com
269,Sarah Martinez,sarah.martinez@outlook.com
270,Michael Rodriguez,michael.rodriguez@outlook.com
271,Olivia Smith,olivia.smith@yahoo.com
272,Olivia Davis,olivia.davis@outlook.com
273,Michael Miller,michael.miller@outlook.com
274,James Brown,james.brown@yahoo.com
275,Olivia Davis,olivia.davis@gmail.com
276,Olivia Garcia,olivia.garcia@gmail.com
277,Robert Rodriguez,robert.rodriguez@outlook.com
278,David Garcia,david.garcia@gmail.com
279,Jane Davis,jane.davis@yahoo.com
280,Michael Smith,michael.smith@outlook.com
281,Laura Smith,laura.smith@outlook.com
282,James Brown,james.brown@outlook.com
283,David Johnson,david.johnson@outlook.com
284,Sarah Miller,sarah.miller@yahoo.com
285,James Davis,james.davis@yahoo.com
286,John Brown,john.brown@gmail.com
287,Robert Davis,robert.davis@outlook.com
288,Laura Garcia,laura.garcia@outlook.com
289,Jane Smith,jane.smith@gmail.com
290,Laura Williams,laura.williams@outlook.com
291,John Garcia,john.garcia@gmail.com
292,James Davis,james.davis@gmail.com
293,Sarah Davis,sarah.davis@gmail.com
294,David Smith,david.smith@yahoo.com
295,Emily Williams,emily.williams@outlook.com
296,Michael Johnson,michael.johnson@yahoo.com
297,James Johnson,james.johnson@gmail.com
298,James Jones,james.jones@gmail.com
299,Olivia Garcia,olivia.garcia@gmail.com
300,Emily Martinez,emily.martinez@gmail.com
301,Jane Williams,jane.williams@gmail.com
302,David Rodriguez,david.rodriguez@gmail.com
303,David Johnson,david.johnson@gmail.com
304,Olivia Rodriguez,olivia.rodriguez@outlook.com
305,James Johnson,james.johnson@outlook.com
306,Jane Davis,jane.davis@gmail.com
307,James Williams,james.williams@yahoo.com
